aegean;2-0rJhBKaJw
aegean;TOgtOlJB9aM
aegean;q2_nNWU-QtA
aegean;XrwyS537qB8
aegean;ooX6pKnqIGo
aegean;jAmV46cOJdc
aegean;9el5T4A230c
aegean;gqZZNGtlITE
aegean;XG94Xyr8OQ4
aegean;XulPmsItIGM
aegean;7s64ecMO1e4
aegean;1mQ1pCZ9WxQ
aegean;pUw1FfpV_XY
aegean;yXg9bC5-Yj8
aeolian;T_VuqwK92VM
aeolian;Sp5dgy8UDKs
aeolian;ux7P_Lsl3QA
aeolian;KJ1TLyKNciM
aeolian;Z1BhKSb0DPE
ake-bono;NjvpdtrTYFc
ake-bono;0Fl5J52WVfA
ake-bono;x8p2X397eH8
ake-bono;3kwcAcX9CwQ
ake-bono;i12d1YJHk2o
ake-bono;qXDdWAhyIe8
al-thuban;qyXQqraE-tE
al-thuban;qn5KwefX05Y
ananda;HJvbUDOXl_E
ananda;54H7uDXwyWY
annaziska;eRoVAnlzCBQ
annaziska;o37rtcsEgiE
arboreal;-rGo6YgEjWw
arboreal;I3Zht34WyM4
arcadian;jOGpD00UcF8
arcadian;9fc2QkBbmR8
avalon;V8w0LZYTpzw
avalon;6u6gclTju9E
avalon;rgZjjBcexJM
avalon;bqwRaHC-cIo
avalon;ki_81kUtwCI
avalon;wqD6njziTDU
avalon;GXobv3oUNnE
avalon;_g7N8I4lQms
awake;rANwNkX5eV8
bass-handpans;FN3cQUPEx3c
bass-handpans;dQUDNxXuLOA
caspian;ESv-iMmnAQs
celtic-minor;6KgjaVLmOvk
celtic-minor;aiJuVgpeeS4
celtic-minor;Ho5XSmGPr2c
chandhra;HlFBXnd_YLk
chandhra;i0FL3UAKLj0
chandhra;KzLsyeOF3Ds
chandhra;Y9zR9pbVafI
da-xiong-diao;bmnk_CID5L4
da-xiong-diao;w7xGBEpBFYk
da-xiong-diao;0XK_1hLq2rQ
da-xiong-diao;rhARnaT0NMI
da-xiong-diao;z_SlGqzs6z8
da-xiong-diao;aTo-3HkJtA8
dad;3dSlBqsoAa4
dad;37vfKOFhQ9c
dad;3kGTKzycHg8
daxala;5IGFX_Cy2IA
debac;cM1dzIPx4SI
dorian;P6-iNvHBTLE
dorian;AJ3xcA4MWq4
dorian;y9s6iJOAOeE
el-dorado;69b1qf4DVLQ
el-dorado;YZc2rVevIzE
elysian;2hzCV32dHSk
elysian;PQsNUR_9c-4
emmanuel;Thf5J9UAWX0
equinox;pi4ZK6CHjag
equinox;fW0xV5-v94U
equinox;HA2yiGHaTUo
equinox;CfPe9zaHoso
equinox;JuB25cZ8UTQ
equinox;o3jBJvjvqTA
free-integral;MaSZYpIdJtA
free-integral;GjISaQgR5Dg
free-integral;Sp5dgy8UDKs
free-integral;S4PTP1aOUjo
free-integral;30oq-VPNkEI
golden-gate;JHe4aaGGBA8
golden-gate;OwT_yBkV5oE
golden-gate;H6mVmNNO8uk
golden-gate;7StQn6rGHUI
golden-gate;7StQn6rGHUI
golden-gate;9LMEeORwvEE
golden-gate;1PpRk8klxkU
golden-gate;m4Q97ufcj4k
harmonic-niner;f3TRk0cp04g
harmonic-niner;HM2O57qReO0
hijaz;gRlvkpUD4Lo
hijaz;c7m6fh_hZ5c
hijaz;gd_XVrgp1hA
hijaz;m8ai1Wy0ze8
hijaz;6azpCE9rL-0
hijaz;u_3yJSccsBQ
hijaz;JHhsxbaeYLQ
hijaz;Pa8vVm29mIY
hijaz;IRerfTMCQyI
hijaz;ZkWMuOG9pXc
hokkaido;JPhiO4O4fp0
hokkaido;gjUc3MbPrrw
hokkaido;Ch5FPTLxvmE
huzam;TylugwEwCEY
hyboreal;ioI7_nw2AlY
hyboreal;Aq3UgDVKkJo
insen;ePXp0-i-ags
integral;3pj6W98UFJc
integral;xWZ2PFqHlTU
integral;TOouBpyKPG4
integral;Z7UT4bacz24
integral;XMnRpIXB3IQ
iwato;17ojj7tgrqw
khyberi;0ijzwocC6ZQ
kiavara;0LbLtf2iBnA
kiavara;CJz3OyPebFM
klezmera;ZSz-7L_1EHc
konundrum;opvKQkvc-BA
kumari;nnyR4LccX6A
kumo;E4AoxkB7jAs
kumo;PhG0Oze3FGU
la-sirena;K521opUR9dM
la-sirena;h5eKjPlU6x4
la-sirena;ygFsEa-ZtX4
la-sirena;U6xB_TvEs7Y
la-sirena;J4jntmoqe24
la-sirena;RnbwG07oDRc
la-sirena;Pl9N17kjky8
la-sirena;nL-BgXymGas
la-sirena;LxG5wmdUGek
la-sirena;zs6t1zPf510
lalabye;rP5zC6p_48E
lalabye;n3_f8Pzcozs
lalanta;UeLuO5C96nA
longloy;khdpw6PlPjE
mahara;MF0adeM3LyM
melog-selisir;gD2O3a7OvJc
minor-pentatonic;TsHa80qXIWc
mondhra;9diCkiwnXZQ
mondhra;UdUwFTucsD8
mysorean;bjCqso-dHuk
onoleo;diB0SH3oxA4
onoleo;XSHjn8Tz6wY
oxalis;WkOnYpUMGKk
oxalis;a4b7eHk6-HM
oxalis;IAybKYglsJ0
oxalis;OoXMRzIHnGs
oxalis;tUGRnilLlb0
oxalis;PrP47gtBpZc
pygmalion;vSNdabk4pdA
pygmy;L2Y-vIkoFtY
pygmy;vBa8PilsWD4
pygmy;vRxMHlo3aDI
pygmy;qeF3A1au11k
pygmy;AJp0ebm7FoA
raga-dejani;DpZ6X8JRo0k
raga-desh-1;2A2s8mFE05k
raja;TLH8XsL2Lzw
riverrun;Ytu3LWKarWc
riverrun;zXpsmkYTsRA
riviera;7iWzSO6oFPI
ruga;KVP0Fv441Ek
russian-major;ow63XiFIeno
sabye;tjeG5n20sPQ
sabye;qexCAiKjWFA
sabye;jysC-nhw94k
sabye;gHlEGU19s8o
sahara;eNPXdvm14aM
sahara;ZTHKy0AfdWg
sahara;fEJ4MaKX2vM
sahara;HkbIOEuR8dw
saharian;J8EKncfVy1s
saladin;A1es03J0emE
saladin;LoYLCWZULvQ
saladin;5EuNPAwrUE4
shiraz;bFR52tOcBLw
shiraz;BTpRPfPGxak
shiraz;9FrTL1_JL5w
silverado;21jtiNziuFQ
silverado;7EmF02GBNso
subvoyage;I3WVkADifLs
subvoyage;lS_HpSep7r4
subvoyage;MwweLot51Jk
subvoyage;QFsP-Bem4UY
sundown;IMexlwB1qNM
sundown;nwh9MT5hqUw
synthesis;WWsLe637CKc
talaysai;80PrG_rZRw0
talaysai;9N_3EUVAycQ
ursa-minor;HkE_upqjT3o
ursa-minor;FD68gW6UGiI
ursa-minor;JzfV1WI4rgA
ursa-minor;TqDMLdT54N0
ursa-minor;xrgnUHGMz5A
ursa-minor;2gWYl1TYoWw
ursa-minor;W2DqV4pO7J4
xiao-xiong-diao;k5S2OETtiJg
xiao-xiong-diao;pqQ2X1o4Y8U
xiao-xiong-diao;5D6QEfl7yWc
yshasavita;MkVcSCtt_ho
yu-shan-diao;JpsAN0QQywU
yu-shan-diao;MMY7HiGJEMU
banshiki-cho;qTB-UUA4AYI
